City_ID,City,Country,Date,Lat,Lng,Max Temp,Humidity,Cloudiness,Wind Speed
0,Port Elizabeth,ZA,2020-02-21 19:52:22,-33.92,25.57,69.8,88,20,8.05
1,Chuy,UY,2020-02-21 19:52:23,-33.7,-53.46,64.53,51,64,18.05
2,Wencheng,CN,2020-02-21 19:52:23,33.06,113.8,41.52,46,0,3.11
3,Aklavik,CA,2020-02-21 19:52:23,68.22,-135.01,3.2,84,90,11.41
4,Kapaa,US,2020-02-21 19:52:24,22.08,-159.32,75.2,69,40,4.7
5,Port Blair,IN,2020-02-21 19:52:24,11.67,92.75,81.43,76,0,16.15
6,Rikitea,PF,2020-02-21 19:52:24,-23.12,-134.97,78.96,61,49,6.2
7,Punta Arenas,CL,2020-02-21 19:52:24,-53.15,-70.92,68.0,45,40,25.28
8,Kodiak,US,2020-02-21 19:52:24,57.79,-152.41,26.6,49,75,21.92
9,Cape Town,ZA,2020-02-21 19:50:06,-33.93,18.42,70.0,72,16,10.29
10,Bluff,NZ,2020-02-21 19:52:25,-46.6,168.33,50.0,93,97,1.99
11,Ushuaia,AR,2020-02-21 19:52:25,-54.8,-68.3,62.6,77,40,24.16
12,Hithadhoo,MV,2020-02-21 19:52:25,-0.6,73.08,82.69,78,94,13.76
13,Poum,NC,2020-02-21 19:52:25,-20.23,164.02,80.56,79,1,15.82
14,Nikolskoye,RU,2020-02-21 19:52:26,59.7,30.79,41.0,64,75,8.95
15,Kutum,SD,2020-02-21 19:52:26,14.2,24.67,58.53,19,0,4.29
16,Padang,ID,2020-02-21 19:52:26,-0.95,100.35,70.74,83,84,7.81
17,Kaitangata,NZ,2020-02-21 19:52:26,-46.28,169.85,55.0,71,100,8.01
18,Castro,BR,2020-02-21 19:52:26,-24.79,-50.01,76.8,69,0,2.95
19,Puerto Ayora,EC,2020-02-21 19:52:27,-0.74,-90.35,80.6,78,75,3.36
20,Opuwo,NA,2020-02-21 19:52:27,-18.06,13.84,74.57,34,100,4.52
21,Avarua,CK,2020-02-21 19:52:27,-21.21,-159.78,82.4,88,80,9.17
22,Matara,LK,2020-02-21 19:52:27,5.95,80.54,79.23,76,100,12.21
23,Xining,CN,2020-02-21 19:52:28,36.62,101.77,17.33,52,0,4.88
24,Isangel,VU,2020-02-21 19:52:28,-19.55,169.27,71.6,100,20,14.0
25,Los Llanos De Aridane,ES,2020-02-21 19:52:28,28.66,-17.92,64.4,63,20,6.93
26,Albany,US,2020-02-21 19:51:45,42.6,-73.97,32.0,57,1,11.41
27,Ovsyanka,RU,2020-02-21 19:52:28,55.96,92.55,24.8,85,100,6.71
28,Arraial Do Cabo,BR,2020-02-21 19:52:29,-22.97,-42.03,82.4,88,40,9.17
29,Ribeira Grande,PT,2020-02-21 19:52:29,38.52,-28.7,60.8,72,75,5.82
30,Suba,PH,2020-02-21 19:52:29,10.84,121.01,78.55,77,41,31.05
31,Busselton,AU,2020-02-21 19:52:29,-33.65,115.33,77.0,23,100,6.69
32,Aquiraz,BR,2020-02-21 19:52:30,-3.9,-38.39,86.0,66,40,11.41
33,Port Alfred,ZA,2020-02-21 19:52:30,-33.59,26.89,73.0,91,33,1.01
34,Cam Ranh,VN,2020-02-21 19:52:30,11.92,109.16,77.0,69,20,19.46
35,Leh,IN,2020-02-21 19:52:30,34.17,77.58,-4.04,46,0,3.27
36,Hermanus,ZA,2020-02-21 19:52:30,-34.42,19.23,68.0,84,23,4.0
37,Mahebourg,MU,2020-02-21 19:52:31,-20.41,57.7,78.01,83,75,8.05
38,Erenhot,CN,2020-02-21 19:52:31,43.65,111.98,10.87,76,0,9.93
39,Semirom,IR,2020-02-21 19:52:31,31.42,51.57,32.68,55,0,3.98
40,Airai,TL,2020-02-21 19:52:31,-8.93,125.41,67.42,85,89,3.51
41,Artesia,US,2020-02-21 19:49:07,33.87,-118.08,79.0,13,20,6.93
42,Georgetown,MY,2020-02-21 19:52:32,5.41,100.34,80.6,69,20,8.05
43,Alofi,NU,2020-02-21 19:52:32,-19.06,-169.92,78.8,100,100,5.82
44,Akdepe,TM,2020-02-21 19:52:32,42.06,59.38,37.4,86,100,4.7
45,Santa Cruz,BO,2020-02-21 19:52:33,-17.8,-63.17,71.6,88,90,23.04
46,Mataura,NZ,2020-02-21 19:52:33,-46.19,168.86,50.0,93,95,1.99
47,New Norfolk,AU,2020-02-21 19:52:33,-42.78,147.06,48.0,75,20,6.93
48,Port Hardy,CA,2020-02-21 19:52:33,50.7,-127.42,42.8,81,90,10.29
49,Conakry,GN,2020-02-21 19:52:34,9.54,-13.68,79.43,76,11,6.4
50,Marawi,PH,2020-02-21 19:52:34,8.0,124.29,69.01,81,0,8.99
51,Jamestown,US,2020-02-21 19:52:34,42.1,-79.24,32.0,50,1,21.92
52,Berlevag,NO,2020-02-21 19:52:34,70.86,29.09,26.6,79,0,19.46
53,Grand Falls,CA,2020-02-21 19:52:34,47.05,-67.74,21.99,34,1,12.75
54,Staryy Nadym,RU,2020-02-21 19:52:35,65.61,72.68,1.71,85,0,10.94
55,Caravelas,BR,2020-02-21 19:52:35,-17.71,-39.25,81.7,84,0,18.75
56,Mount Pleasant,US,2020-02-21 19:52:35,32.79,-79.86,46.0,39,1,11.41
57,Upernavik,GL,2020-02-21 19:52:35,72.79,-56.15,-13.79,93,98,3.69
58,Waingapu,ID,2020-02-21 19:52:35,-9.66,120.26,82.85,77,99,13.6
59,Araguacu,BR,2020-02-21 19:52:36,-12.93,-49.83,79.41,84,100,3.15
60,Bredasdorp,ZA,2020-02-21 19:52:36,-34.53,20.04,68.0,77,0,4.7
61,Urucara,BR,2020-02-21 19:52:36,-2.54,-57.76,81.84,90,100,0.83
62,Nome,US,2020-02-21 19:52:36,64.5,-165.41,-5.01,63,1,6.93
63,Kaeo,NZ,2020-02-21 19:52:37,-35.1,173.78,70.0,100,95,15.7
64,Honggang,CN,2020-02-21 19:52:37,46.47,124.87,17.85,95,100,9.86
65,The Pas,CA,2020-02-21 19:52:37,53.83,-101.25,32.0,85,1,13.87
66,Hualmay,PE,2020-02-21 19:52:37,-11.1,-77.61,78.22,60,100,7.78
67,Victor Harbor,AU,2020-02-21 19:52:38,-35.57,138.62,61.0,67,0,2.24
68,Trairi,BR,2020-02-21 19:52:38,-3.28,-39.27,76.48,91,100,1.7
69,Pevek,RU,2020-02-21 19:52:38,69.7,170.31,-9.65,98,100,12.82
70,Hollola,FI,2020-02-21 19:52:38,61.03,25.38,37.0,88,5,11.43
71,Tuktoyaktuk,CA,2020-02-21 19:52:39,69.45,-133.04,-2.2,84,75,11.41
72,Port Augusta,AU,2020-02-21 19:52:39,-32.5,137.77,62.6,67,0,9.17
73,Hobart,AU,2020-02-21 19:52:39,-42.88,147.33,48.0,75,20,6.93
74,Ponta Do Sol,PT,2020-02-21 19:52:39,32.67,-17.1,57.2,76,40,8.05
75,Ushtobe,KZ,2020-02-21 19:52:39,45.25,77.98,33.93,67,100,3.04
76,Hammerfest,NO,2020-02-21 19:52:40,70.66,23.68,37.4,59,94,20.8
77,Port Keats,AU,2020-02-21 19:52:40,-14.25,129.55,85.95,78,100,11.74
78,Tasiilaq,GL,2020-02-21 19:52:40,65.61,-37.64,15.8,66,40,4.7
79,Malkangiri,IN,2020-02-21 19:52:40,18.35,81.9,69.44,62,55,1.41
80,Mega,ET,2020-02-21 19:52:41,4.05,38.3,72.93,51,11,12.41
81,Kruisfontein,ZA,2020-02-21 19:52:41,-34.0,24.73,64.99,88,0,3.06
82,Oranjemund,NA,2020-02-21 19:52:41,-28.55,16.43,64.0,86,19,11.81
83,Bongandanga,CD,2020-02-21 19:52:41,1.5,21.05,77.23,67,72,1.3
84,Andenes,NO,2020-02-21 19:52:42,69.31,16.12,39.2,75,75,27.51
85,Atuona,PF,2020-02-21 19:52:42,-9.8,-139.03,81.77,74,100,17.29
86,Mount Gambier,AU,2020-02-21 19:52:42,-37.83,140.77,44.6,93,3,3.6
87,Mitzic,GA,2020-02-21 19:52:42,0.78,11.55,73.36,90,95,2.64
88,Petropavlovsk-Kamchatskiy,RU,2020-02-21 19:52:43,53.05,158.65,-0.4,59,60,8.95
89,Adrar,MR,2020-02-21 19:52:43,20.5,-10.07,77.77,10,0,7.83
90,Mayya,RU,2020-02-21 19:52:43,61.73,130.28,-11.2,83,99,8.95
91,Vaini,TO,2020-02-21 19:52:43,-21.2,-175.2,77.0,83,20,10.29
92,Ibra,OM,2020-02-21 19:52:44,22.69,58.53,69.51,78,100,5.73
93,Melinesti,RO,2020-02-21 19:52:44,44.57,23.72,44.01,60,100,11.41
94,Natori,JP,2020-02-21 19:52:44,38.17,140.88,39.99,75,100,9.66
95,Kavaratti,IN,2020-02-21 19:52:44,10.57,72.64,82.13,75,1,11.81
96,Poronaysk,RU,2020-02-21 19:52:44,49.22,143.12,9.19,87,0,5.84
97,Barrow,US,2020-02-21 19:52:45,71.29,-156.79,-7.6,76,90,10.29
98,Weligama,LK,2020-02-21 19:52:45,5.97,80.42,79.23,76,100,12.21
99,Iwaki,JP,2020-02-21 19:52:45,37.05,140.88,46.99,92,100,17.25
100,Khatanga,RU,2020-02-21 19:52:45,71.97,102.5,-15.52,98,68,9.1
101,Baoshan,CN,2020-02-21 19:52:46,46.56,131.42,9.64,95,100,6.46
102,Carnarvon,AU,2020-02-21 19:52:46,-24.87,113.63,78.8,88,75,12.75
103,Tonantins,BR,2020-02-21 19:52:46,-2.87,-67.8,90.91,55,100,3.49
104,Christchurch,NZ,2020-02-21 19:48:16,-43.53,172.63,60.01,87,100,3.36
105,Longyearbyen,SJ,2020-02-21 19:52:46,78.22,15.64,-0.4,70,20,9.17
106,Umm Kaddadah,SD,2020-02-21 19:52:47,13.6,26.69,68.0,14,0,14.07
107,Provideniya,RU,2020-02-21 19:52:47,64.38,-173.3,-12.1,76,50,4.07
108,Victoria,HK,2020-02-21 19:49:12,22.29,114.16,66.0,72,0,3.36
109,Kavieng,PG,2020-02-21 19:52:47,-2.57,150.8,84.11,74,17,9.55
110,Yellowknife,CA,2020-02-21 19:52:43,62.46,-114.35,14.0,85,75,14.99
111,Sur,OM,2020-02-21 19:52:48,22.57,59.53,69.8,83,85,11.32
112,East London,ZA,2020-02-21 19:52:48,-33.02,27.91,75.56,85,11,13.98
113,Talnakh,RU,2020-02-21 19:52:48,69.49,88.4,10.4,85,40,15.66
114,Lakatoro,VU,2020-02-21 19:52:49,-16.1,167.42,80.6,78,40,9.17
115,Chokurdakh,RU,2020-02-21 19:52:49,70.63,147.92,-22.4,98,45,2.28
116,Pangody,RU,2020-02-21 19:52:49,65.85,74.49,0.14,93,40,10.58
117,Mar Del Plata,AR,2020-02-21 19:51:23,-38.0,-57.56,63.0,62,75,17.22
118,Qaanaaq,GL,2020-02-21 19:52:50,77.48,-69.36,-17.95,46,74,3.4
119,Fortuna,US,2020-02-21 19:52:50,40.6,-124.16,55.0,76,1,6.93
120,Zhanjiang,CN,2020-02-21 19:52:50,21.28,110.34,62.01,90,0,2.73
121,Saint-Philippe,RE,2020-02-21 19:52:50,-21.36,55.77,78.8,65,90,13.87
122,Vestmannaeyjar,IS,2020-02-21 19:52:51,63.44,-20.27,33.64,79,100,4.94
123,Bambous Virieux,MU,2020-02-21 19:52:51,-20.34,57.76,78.01,83,75,8.05
124,Dakar,SN,2020-02-21 19:50:24,14.69,-17.44,73.4,73,75,17.22
125,San Jeronimo,PE,2020-02-21 19:52:52,-11.95,-75.28,57.31,51,100,6.35
126,Port Moresby,PG,2020-02-21 19:52:52,-9.44,147.18,78.8,94,40,6.93
127,Luderitz,NA,2020-02-21 19:52:53,-26.65,15.16,66.2,82,30,20.8
128,Palmas,BR,2020-02-21 19:52:53,-10.21,-48.36,78.39,93,100,2.73
129,Namibe,AO,2020-02-21 19:52:54,-15.2,12.15,75.85,75,100,13.96
130,Ancud,CL,2020-02-21 19:52:54,-41.87,-73.82,78.8,40,0,8.05
131,Atar,MR,2020-02-21 19:52:54,20.52,-13.05,72.23,13,0,4.68
132,Hambantota,LK,2020-02-21 19:52:55,6.12,81.12,80.35,82,100,23.58
133,Maniitsoq,GL,2020-02-21 19:52:55,65.42,-52.9,10.67,68,60,2.35
134,Kijang,KR,2020-02-21 19:52:55,35.24,129.21,48.2,87,75,4.7
135,Faanui,PF,2020-02-21 19:52:55,-16.48,-151.75,81.97,78,6,14.79
136,Hilo,US,2020-02-21 19:52:56,19.73,-155.09,73.4,69,1,8.05
137,Yar-Sale,RU,2020-02-21 19:52:56,66.83,70.83,4.35,79,0,7.52
138,Manadhoo,MV,2020-02-21 19:52:56,5.77,73.38,82.56,75,35,13.82
139,Gualaquiza,EC,2020-02-21 19:52:56,-3.4,-78.55,82.78,53,85,3.56
140,Lebu,CL,2020-02-21 19:52:57,-37.62,-73.65,76.42,43,0,3.11
141,Fairbanks,US,2020-02-21 19:52:57,64.84,-147.72,12.0,92,90,3.36
142,Tiksi,RU,2020-02-21 19:52:57,71.69,128.87,-6.11,89,97,5.37
143,Brae,GB,2020-02-21 19:52:57,60.4,-1.35,46.4,75,100,36.91
144,Hami,CN,2020-02-21 19:52:57,42.8,93.45,29.12,46,65,3.56
145,Severo-Kurilsk,RU,2020-02-21 19:52:58,50.68,156.12,16.32,81,95,25.12
146,Deputatskiy,RU,2020-02-21 19:52:58,69.3,139.9,-5.71,100,100,1.66
147,Hobyo,SO,2020-02-21 19:52:58,5.35,48.53,78.6,78,56,17.16
148,San Cristobal,VE,2020-02-21 19:52:34,7.77,-72.22,86.0,62,40,13.87
149,Pokhara,NP,2020-02-21 19:52:59,28.23,83.98,52.48,73,68,2.77
150,Beringovskiy,RU,2020-02-21 19:52:59,63.05,179.32,-10.5,77,0,2.46
151,Bengkulu,ID,2020-02-21 19:52:59,-3.8,102.27,72.7,89,4,4.07
152,Chissamba,AO,2020-02-21 19:52:59,-12.17,17.33,65.5,94,72,6.04
153,Timbiqui,CO,2020-02-21 19:53:00,2.77,-77.67,80.44,85,100,2.15
154,Thompson,CA,2020-02-21 19:53:00,55.74,-97.86,35.6,51,40,17.22
155,Katsuura,JP,2020-02-21 19:53:00,35.13,140.3,52.0,87,75,6.93
156,Kudahuvadhoo,MV,2020-02-21 19:53:00,2.67,72.89,82.74,80,100,16.37
157,Puerto Leguizamo,CO,2020-02-21 19:53:01,-0.19,-74.78,94.95,44,68,0.43
158,Belyy Gorodok,RU,2020-02-21 19:53:01,56.97,37.51,32.38,92,1,7.96
159,Okhotsk,RU,2020-02-21 19:53:01,59.38,143.3,-18.04,75,51,5.84
160,Sabang,ID,2020-02-21 19:53:01,5.89,95.32,82.56,75,1,29.3
161,Boa Vista,BR,2020-02-21 19:53:02,2.82,-60.67,93.2,38,40,8.05
162,Lorengau,PG,2020-02-21 19:53:02,-2.02,147.27,83.34,73,5,9.19
163,Pangkalanbuun,ID,2020-02-21 19:53:02,-2.68,111.62,73.63,97,71,0.83
164,Bandarbeyla,SO,2020-02-21 19:53:02,9.49,50.81,76.69,76,0,11.54
165,Jizan,SA,2020-02-21 19:53:03,17.33,42.67,80.6,69,40,6.93
166,Quang Ngai,VN,2020-02-21 19:53:03,15.12,108.8,72.61,79,100,14.05
167,Novoanninskiy,RU,2020-02-21 19:53:03,50.53,42.67,32.0,79,100,1.99
168,Presidencia Roque Saenz Pena,AR,2020-02-21 19:53:03,-26.79,-60.44,73.56,53,100,3.58
169,Tabuny,RU,2020-02-21 19:53:04,52.78,78.79,10.44,87,100,4.0
170,Torbay,CA,2020-02-21 19:53:04,47.67,-52.73,19.99,44,75,24.16
171,Centralia,US,2020-02-21 19:51:34,46.72,-122.95,53.6,57,1,1.9
172,Turukhansk,RU,2020-02-21 19:53:04,65.82,87.98,23.13,96,100,5.59
173,Rassvet,RU,2020-02-21 19:53:05,46.83,40.75,37.13,94,100,9.89
174,Leningradskiy,RU,2020-02-21 19:53:05,69.38,178.42,-9.17,92,100,22.03
175,Bolshevik,BY,2020-02-21 19:53:05,54.01,27.57,33.8,86,20,11.18
176,Dikson,RU,2020-02-21 19:53:05,73.51,80.55,7.09,95,100,18.72
177,Madikeri,IN,2020-02-21 19:53:06,12.42,75.73,77.0,94,20,4.7
178,Cidreira,BR,2020-02-21 19:53:06,-30.18,-50.21,72.07,52,0,22.91
179,Hamilton,US,2020-02-21 19:50:55,39.18,-84.53,37.99,29,1,4.7
180,Rio Gallegos,AR,2020-02-21 19:53:06,-51.62,-69.22,75.2,38,20,17.22
181,Yumen,CN,2020-02-21 19:53:06,40.28,97.2,25.23,39,97,3.27
182,San Patricio,MX,2020-02-21 19:53:07,19.22,-104.7,78.24,78,81,8.46
183,Saldanha,ZA,2020-02-21 19:53:07,-33.01,17.94,66.2,77,1,12.75
184,Sungaipenuh,ID,2020-02-21 19:53:07,-2.08,101.38,63.0,97,80,4.65
185,Butaritari,KI,2020-02-21 19:53:07,3.07,172.79,83.98,74,100,14.38
186,San Felipe,VE,2020-02-21 19:53:08,10.34,-68.74,79.3,66,62,8.99
187,Camacha,PT,2020-02-21 19:53:08,33.08,-16.33,57.2,87,40,8.05
188,Axim,GH,2020-02-21 19:53:08,4.87,-2.24,79.52,86,86,3.87
189,Clyde River,CA,2020-02-21 19:53:08,70.47,-68.59,-18.4,82,40,3.36
190,Oussouye,SN,2020-02-21 19:53:09,12.48,-16.55,87.8,78,99,9.17
191,Hofn,IS,2020-02-21 19:53:09,64.25,-15.21,35.6,74,90,5.82
192,Wakkanai,JP,2020-02-21 19:53:09,45.41,141.67,27.7,83,100,19.04
193,Solnechnyy,RU,2020-02-21 19:53:09,50.72,136.63,-0.29,87,100,1.97
194,Kilindoni,TZ,2020-02-21 19:53:10,-7.91,39.67,84.38,77,100,12.88
195,Kerrville,US,2020-02-21 19:49:12,30.05,-99.14,55.99,45,1,4.7
196,Doha,QA,2020-02-21 19:52:02,25.29,51.53,66.99,72,0,9.17
197,Chern,RU,2020-02-21 19:53:10,53.45,36.91,32.2,98,100,6.13
198,Miyako,JP,2020-02-21 19:53:10,39.64,141.95,37.45,87,100,3.15
199,Maningrida,AU,2020-02-21 19:53:11,-12.07,134.27,81.18,80,19,12.53
200,Panaba,MX,2020-02-21 19:53:11,21.28,-88.27,78.57,71,44,13.65
201,Makokou,GA,2020-02-21 19:53:11,0.57,12.86,77.43,67,100,2.15
202,Yamada,JP,2020-02-21 19:53:11,39.47,141.95,37.45,87,100,3.15
203,Dudinka,RU,2020-02-21 19:53:12,69.41,86.18,10.4,85,40,15.66
204,Vila Franca Do Campo,PT,2020-02-21 19:53:12,37.72,-25.43,57.2,67,75,5.82
205,Saskylakh,RU,2020-02-21 19:53:12,71.92,114.08,-7.11,96,100,8.66
206,Konya,TR,2020-02-21 19:53:12,38.17,32.5,37.4,93,75,16.11
207,Fallon,US,2020-02-21 19:53:13,39.47,-118.78,55.0,26,75,3.36
208,Port-Gentil,GA,2020-02-21 19:53:13,-0.72,8.78,78.8,94,20,8.7
209,Dukat,RU,2020-02-21 19:53:13,62.55,155.55,-20.29,96,0,2.89
210,Ville-Marie,CA,2020-02-21 19:51:49,47.33,-79.43,30.2,58,1,19.46
211,Imbituba,BR,2020-02-21 19:53:14,-28.24,-48.67,71.6,64,75,11.41
212,Naze,JP,2020-02-21 19:53:14,28.37,129.48,55.4,93,44,3.36
213,Cumana,VE,2020-02-21 19:53:15,10.46,-64.18,77.79,75,22,14.09
214,Marsaxlokk,MT,2020-02-21 19:53:15,35.84,14.54,55.0,81,20,6.93
215,Prata,BR,2020-02-21 19:53:15,-19.31,-48.92,77.4,87,100,3.51
216,Antofagasta,CL,2020-02-21 19:53:15,-23.65,-70.4,72.0,73,20,14.99
217,Caarapo,BR,2020-02-21 19:53:15,-22.63,-54.82,81.77,71,46,7.92
218,Luanda,AO,2020-02-21 19:53:16,-8.84,13.23,82.4,83,20,12.75
219,Senahu,GT,2020-02-21 19:53:16,15.4,-89.83,76.59,50,4,4.65
220,Srednekolymsk,RU,2020-02-21 19:53:16,67.45,153.68,-17.99,99,87,2.21
221,Souillac,MU,2020-02-21 19:53:16,-20.52,57.52,78.01,83,75,8.05
222,Tateyama,JP,2020-02-21 19:53:17,34.98,139.87,52.0,87,75,6.93
223,Fort Nelson,CA,2020-02-21 19:53:17,58.81,-122.7,39.2,44,40,9.17
224,Pucallpa,PE,2020-02-21 19:53:17,-8.38,-74.55,98.11,36,88,6.15
225,Qaqortoq,GL,2020-02-21 19:53:17,60.72,-46.03,26.6,73,75,5.46
226,Barbalha,BR,2020-02-21 19:53:17,-7.31,-39.3,86.0,58,75,3.36
227,Kabinda,CD,2020-02-21 19:53:18,-6.13,24.48,73.15,82,86,1.92
228,Pitimbu,BR,2020-02-21 19:53:18,-7.47,-34.81,84.2,79,75,12.75
229,Caborca,MX,2020-02-21 19:53:18,30.58,-111.1,77.0,36,100,3.0
230,Ayolas,PY,2020-02-21 19:53:19,-27.4,-56.9,76.5,34,0,14.2
231,Nanortalik,GL,2020-02-21 19:53:19,60.14,-45.24,27.59,79,75,8.59
232,Saint Anthony,US,2020-02-21 19:53:19,45.02,-93.22,37.4,55,1,14.99
233,Goderich,CA,2020-02-21 19:53:19,43.75,-81.72,37.99,34,0,3.0
234,Kahului,US,2020-02-21 19:48:57,20.89,-156.47,75.2,64,20,17.22
235,Meulaboh,ID,2020-02-21 19:53:20,4.14,96.13,81.3,71,8,7.85
236,Yarmouth,US,2020-02-21 19:53:20,41.71,-70.23,30.99,49,1,6.93
237,Walvis Bay,NA,2020-02-21 19:53:20,-22.96,14.51,68.0,77,100,4.7
238,Pangai,TO,2020-02-21 19:53:21,-19.8,-174.35,78.8,83,20,8.05
239,Guerrero Negro,MX,2020-02-21 19:53:21,27.98,-114.06,75.92,30,100,6.85
240,Dondo,MZ,2020-02-21 19:53:21,-19.61,34.74,82.4,83,20,5.82
241,Touros,BR,2020-02-21 19:49:02,-5.2,-35.46,86.0,74,40,11.41
242,Ilulissat,GL,2020-02-21 19:53:22,69.22,-51.1,-5.8,58,20,6.93
243,Penzance,GB,2020-02-21 19:53:22,50.12,-5.54,51.01,87,75,21.92
244,Bethel,US,2020-02-21 19:48:26,41.37,-73.41,36.0,23,5,9.17
245,Dumas,US,2020-02-21 19:53:22,35.87,-101.97,51.8,45,1,26.4
246,Hay River,CA,2020-02-21 19:53:22,60.82,-115.8,28.4,63,40,10.29
247,Voznesenye,RU,2020-02-21 19:53:23,61.01,35.48,34.07,79,100,15.7
248,Esperance,AU,2020-02-21 19:53:23,-33.87,121.9,62.6,77,100,13.87
249,Nalut,LY,2020-02-21 19:53:23,30.33,10.85,51.22,60,0,11.07
250,Zhigansk,RU,2020-02-21 19:53:23,66.77,123.37,-6.16,97,100,13.24
251,Werda,BW,2020-02-21 19:53:24,-25.27,23.28,80.15,52,100,7.94
252,Batagay,RU,2020-02-21 19:53:24,67.63,134.63,-4.43,94,100,4.21
253,Necochea,AR,2020-02-21 19:49:20,-38.55,-58.74,64.0,67,30,18.01
254,Bridlington,GB,2020-02-21 19:53:24,54.08,-0.19,51.01,81,20,25.28
255,Asau,RO,2020-02-21 19:53:25,46.43,26.4,39.2,60,99,9.17
256,Obama,JP,2020-02-21 19:53:25,35.5,135.75,41.0,87,82,9.8
257,Chama,CH,2020-02-21 19:53:25,47.18,8.46,41.0,80,99,3.24
258,La Ronge,CA,2020-02-21 19:53:25,55.1,-105.28,37.4,44,75,11.41
259,Korla,CN,2020-02-21 19:53:26,41.76,86.15,33.01,88,99,5.68
260,Bria,CF,2020-02-21 19:53:26,6.54,21.99,76.44,28,15,4.74
261,Pisco,PE,2020-02-21 19:53:26,-13.7,-76.22,78.01,30,90,8.05
262,Bulgan,MN,2020-02-21 19:53:26,48.81,103.53,5.02,71,63,3.22
263,Itacare,BR,2020-02-21 19:52:59,-14.28,-39.0,87.8,74,20,9.17
264,Iranshahr,IR,2020-02-21 19:53:27,27.2,60.68,68.0,34,0,3.02
265,Rocha,UY,2020-02-21 19:53:27,-34.48,-54.33,59.14,60,100,18.66
266,Hasaki,JP,2020-02-21 19:53:27,35.73,140.83,48.2,93,75,1.12
267,Te Anau,NZ,2020-02-21 19:53:27,-45.42,167.72,49.26,72,43,6.4
268,Qostanay,KZ,2020-02-21 19:53:28,53.17,63.58,10.4,92,2,4.47
269,Copiapo,CL,2020-02-21 19:53:28,-27.37,-70.33,73.4,53,40,11.41
270,Lompoc,US,2020-02-21 19:53:28,34.64,-120.46,73.99,35,40,3.36
271,Saint-Augustin,CA,2020-02-21 19:53:28,51.23,-58.65,3.61,80,0,16.08
272,Keti Bandar,PK,2020-02-21 19:53:29,24.14,67.45,70.99,39,0,10.8
273,Umm Lajj,SA,2020-02-21 19:53:29,25.02,37.27,62.78,57,0,4.81
274,Wad Rawah,SD,2020-02-21 19:53:29,15.16,33.14,69.21,16,67,10.16
275,Narsaq,GL,2020-02-21 19:53:29,60.92,-46.05,26.6,73,75,2.37
276,Norman Wells,CA,2020-02-21 19:53:30,65.28,-126.83,10.4,85,75,2.89
277,Wladyslawowo,PL,2020-02-21 19:53:30,54.79,18.4,42.01,85,20,12.75
278,Svetlogorsk,BY,2020-02-21 19:53:30,52.63,29.73,34.68,92,71,7.0
279,Moree,AU,2020-02-21 19:53:30,-29.47,149.85,73.4,69,90,11.41
280,Cabo San Lucas,MX,2020-02-21 19:50:03,22.89,-109.91,88.0,48,5,9.17
281,Sri Aman,MY,2020-02-21 19:53:31,1.24,111.46,75.2,100,56,2.89
282,Kokoda,PG,2020-02-21 19:53:31,-8.88,147.74,64.22,81,100,2.84
283,Madang,PG,2020-02-21 19:53:31,-5.22,145.8,77.0,90,100,18.05
284,Lakes Entrance,AU,2020-02-21 19:53:32,-37.88,147.98,55.99,86,0,17.05
285,Manta,EC,2020-02-21 19:53:32,-0.95,-80.73,86.0,74,40,5.82
286,Hildburghausen,DE,2020-02-21 19:53:32,50.43,10.73,43.0,65,100,12.75
287,Kamaishi,JP,2020-02-21 19:53:33,39.27,141.88,37.45,87,100,3.15
288,Progreso,MX,2020-02-21 19:53:33,21.28,-89.67,86.0,58,75,11.41
289,Mayumba,GA,2020-02-21 19:53:33,-3.43,10.66,84.15,80,100,6.13
290,Mount Isa,AU,2020-02-21 19:53:33,-20.73,139.5,69.8,40,100,4.23
291,Ahipara,NZ,2020-02-21 19:53:34,-35.17,173.17,70.0,100,100,14.52
292,Chesma,RU,2020-02-21 19:53:34,53.81,60.65,18.7,87,33,4.18
293,Baykit,RU,2020-02-21 19:53:34,61.67,96.37,6.94,98,87,0.87
294,Khilok,RU,2020-02-21 19:53:34,51.37,110.47,0.57,93,53,2.66
295,Ruma,RS,2020-02-21 19:53:35,45.01,19.82,41.0,55,37,13.87
296,Herat,AF,2020-02-21 19:53:35,34.5,62.0,48.2,42,0,6.93
297,Dingle,PH,2020-02-21 19:53:35,11.0,122.67,70.88,93,60,11.68
298,Sao Sebastiao,BR,2020-02-21 19:53:35,-23.76,-45.41,78.71,79,24,10.38
299,Myitkyina,MM,2020-02-21 19:53:36,25.38,97.4,58.77,53,1,4.38
300,Gidole,ET,2020-02-21 19:53:36,5.65,37.37,76.55,43,64,4.85
301,Partenit,UA,2020-02-21 19:53:36,44.58,34.34,44.11,68,100,7.83
302,Gamba,GA,2020-02-21 19:53:36,-2.65,10.0,80.47,85,100,2.53
303,Kolpashevo,RU,2020-02-21 19:53:36,58.31,82.91,24.28,97,97,4.92
304,Jardim,BR,2020-02-21 19:53:37,-21.48,-56.14,85.41,73,91,3.65
305,Blythe,US,2020-02-21 19:53:37,33.61,-114.6,75.99,12,1,4.7
306,Sampit,ID,2020-02-21 19:53:37,-2.53,112.95,74.44,96,53,1.07
307,Bajil,YE,2020-02-21 19:53:37,15.06,43.29,71.37,83,54,3.2
308,Kholmsk,RU,2020-02-21 19:53:37,47.05,142.06,-7.6,83,92,2.24
309,Harlingen,US,2020-02-21 19:52:51,26.19,-97.7,55.0,57,90,8.05
310,Klaksvik,FO,2020-02-21 19:53:38,62.23,-6.59,37.4,69,58,28.86
311,Codrington,AU,2020-02-21 19:53:38,-38.27,141.97,59.34,69,46,13.04
312,Rabo De Peixe,PT,2020-02-21 19:53:38,37.8,-25.58,57.2,67,75,5.82
313,Luan,CH,2020-02-21 19:53:39,46.36,6.98,44.6,86,65,2.24
314,Derazhnya,UA,2020-02-21 19:53:39,49.27,27.43,34.23,91,100,5.08
315,Bowen,AU,2020-02-21 19:48:45,-20.02,148.23,78.01,94,40,4.7
316,Flin Flon,CA,2020-02-21 19:53:40,54.77,-101.86,35.6,47,40,13.87
317,Kingston,JM,2020-02-21 19:53:40,18.0,-76.79,84.2,66,20,8.05
318,Ponta Delgada,PT,2020-02-21 19:53:40,37.73,-25.67,57.2,67,75,5.82
319,Portalegre,PT,2020-02-21 19:53:40,39.29,-7.43,60.8,51,0,2.24
320,Kaoma,ZM,2020-02-21 19:53:40,-14.78,24.8,67.62,92,100,2.46
321,Kailua,US,2020-02-21 19:53:41,21.4,-157.74,77.0,69,75,12.75
322,Maine-Soroa,NE,2020-02-21 19:53:41,13.21,12.02,74.52,12,0,9.48
323,Vao,NC,2020-02-21 19:53:41,-22.67,167.48,79.16,72,2,11.3
324,Kohlu,PK,2020-02-21 19:53:42,29.9,69.25,50.31,64,0,2.73
325,Platteville,US,2020-02-21 19:53:42,42.73,-90.48,35.6,67,1,20.8
326,Mizdah,LY,2020-02-21 19:53:42,31.45,12.98,50.0,69,0,4.83
327,Bathsheba,BB,2020-02-21 19:53:43,13.22,-59.52,84.2,58,40,17.22
328,Rudbar,AF,2020-02-21 19:53:43,30.15,62.6,64.63,33,0,0.54
329,Jalu,LY,2020-02-21 19:53:43,29.03,21.55,57.9,50,6,13.85
330,Leshukonskoye,RU,2020-02-21 19:53:43,64.9,45.76,29.01,89,100,13.24
331,Tarnogskiy Gorodok,RU,2020-02-21 19:53:43,60.5,43.58,32.58,91,97,9.33
332,Margherita,IN,2020-02-21 19:53:44,27.28,95.68,63.3,73,100,1.99
333,Coquimbo,CL,2020-02-21 19:50:40,-29.95,-71.34,68.0,68,40,12.75
334,Tabou,CI,2020-02-21 19:53:44,4.42,-7.35,79.41,88,100,2.66
335,Tessalit,ML,2020-02-21 19:53:44,20.2,1.01,75.22,10,33,11.61
336,Puerto Carreno,CO,2020-02-21 19:53:45,6.19,-67.49,98.6,35,20,9.17
337,Aksu,CN,2020-02-21 19:53:45,41.12,80.26,31.87,41,0,3.94
338,Kusa,RU,2020-02-21 19:53:45,55.34,59.44,23.2,97,99,3.91
339,Vondrozo,MG,2020-02-21 19:53:45,-22.82,47.28,73.76,95,100,3.67
340,Glendive,US,2020-02-21 19:53:46,47.11,-104.71,42.01,41,1,10.29
341,Chitral,PK,2020-02-21 19:53:46,35.85,71.79,13.08,38,19,7.07
342,Auki,SB,2020-02-21 19:53:46,-8.77,160.7,82.98,80,82,8.95
343,Alyangula,AU,2020-02-21 19:53:46,-13.85,136.42,78.8,100,40,3.36
344,Bangkal,PH,2020-02-21 19:53:47,6.07,121.07,74.57,85,73,3.47
345,Sao Felix Do Xingu,BR,2020-02-21 19:53:47,-6.64,-51.99,72.5,99,100,2.53
346,Koplik,AL,2020-02-21 19:53:47,42.21,19.44,55.4,37,75,18.34
347,Marsa Matruh,EG,2020-02-21 19:53:47,31.35,27.25,55.4,76,40,13.87
348,Cantaura,VE,2020-02-21 19:53:48,9.31,-64.36,91.62,34,82,6.17
349,Saint-Denis,FR,2020-02-21 19:53:48,48.92,2.33,46.4,65,12,10.29
350,Gombe,NG,2020-02-21 19:53:48,10.29,11.17,81.01,19,0,13.02
351,Aviles,ES,2020-02-21 19:53:49,43.55,-5.92,54.0,93,0,5.82
352,Ranau,MY,2020-02-21 19:53:49,5.95,116.66,73.99,83,20,5.82
353,Kysyl-Syr,RU,2020-02-21 19:53:49,63.9,122.76,-4.22,99,100,3.74
354,Jaciara,BR,2020-02-21 19:53:49,-15.97,-54.97,80.02,90,100,2.01
355,Yate,GB,2020-02-21 19:53:49,51.54,-2.42,50.0,76,90,21.92
356,Tazovskiy,RU,2020-02-21 19:53:50,67.47,78.7,1.02,88,62,14.29
357,Calama,CL,2020-02-21 19:53:50,-22.47,-68.93,75.2,23,40,26.4
358,Teguise,ES,2020-02-21 19:53:50,29.06,-13.56,64.4,72,20,12.75
359,Kandrian,PG,2020-02-21 19:53:50,-6.22,149.55,77.41,87,99,8.37
360,Saint George,US,2020-02-21 19:51:35,37.1,-113.58,60.8,15,1,8.05
361,Westport,US,2020-02-21 19:51:28,41.14,-73.36,36.0,39,1,10.29
362,Racoasa,RO,2020-02-21 19:53:51,46.0,26.88,39.2,60,100,9.17
363,Nerchinskiy Zavod,RU,2020-02-21 19:53:51,51.31,119.61,-2.2,96,0,1.95
364,San Lorenzo,PY,2020-02-21 19:53:52,-25.33,-57.53,84.2,32,0,17.22
365,Buchanan,LR,2020-02-21 19:53:52,5.88,-10.05,82.4,83,75,4.25
366,South Hill,US,2020-02-21 19:51:02,47.14,-122.27,54.0,40,1,3.8
367,Male,MV,2020-02-21 19:53:53,4.17,73.51,84.2,83,75,14.99
368,Namatanai,PG,2020-02-21 19:53:53,-3.67,152.43,83.12,75,0,6.44
369,Cherskiy,RU,2020-02-21 19:53:53,68.75,161.3,-21.33,98,100,2.3
370,Gurupi,BR,2020-02-21 19:53:53,-11.73,-49.07,77.95,91,100,3.2
371,Sao Filipe,CV,2020-02-21 19:53:53,14.9,-24.5,68.95,79,16,21.43
372,Dubbo,AU,2020-02-21 19:53:54,-32.25,148.62,66.2,72,0,17.22
373,Rosa Zarate,EC,2020-02-21 19:53:54,0.33,-79.47,80.35,87,100,6.64
374,Ilebo,CD,2020-02-21 19:53:54,-4.32,20.58,80.53,62,100,1.66
375,Anicuns,BR,2020-02-21 19:53:54,-16.46,-49.96,75.69,90,100,3.62
376,Bassila,BJ,2020-02-21 19:53:54,9.01,1.67,81.9,19,28,3.29
377,Gizo,SB,2020-02-21 19:53:55,-8.1,156.84,79.23,85,72,3.91
378,Rio Grande,BR,2020-02-21 19:51:44,-32.03,-52.1,77.0,41,40,25.28
379,Garowe,SO,2020-02-21 19:53:56,8.41,48.48,67.96,76,7,10.76
380,Contai,IN,2020-02-21 19:53:56,21.78,87.75,68.07,60,0,2.8
381,Changping,CN,2020-02-21 19:53:56,40.22,116.22,37.0,38,0,6.71
382,Kasongo-Lunda,CD,2020-02-21 19:53:56,-6.47,16.82,72.14,89,91,1.77
383,Loa Janan,ID,2020-02-21 19:53:57,-0.58,117.09,72.84,89,38,3.62
384,Sarreguemines,FR,2020-02-21 19:53:57,49.08,7.33,42.8,83,38,9.17
385,Davila,PH,2020-02-21 19:53:57,18.47,120.58,74.5,72,0,23.29
386,Thinadhoo,MV,2020-02-21 19:53:57,0.53,72.93,80.91,78,100,7.54
387,Jiujiang,CN,2020-02-21 19:53:58,29.73,115.98,45.32,87,0,3.29
388,Inhambane,MZ,2020-02-21 19:53:58,-23.86,35.38,82.4,74,20,12.26
389,Lazaro Cardenas,MX,2020-02-21 19:53:58,17.96,-102.2,86.74,44,0,7.87
390,Cayenne,GF,2020-02-21 19:53:59,4.93,-52.33,86.0,62,49,11.41
391,Kissamos,GR,2020-02-21 19:53:59,35.49,23.66,54.0,87,75,6.93
392,Meadow Lake,US,2020-02-21 19:53:59,34.8,-106.54,46.99,52,1,7.29
393,Sanchor,IN,2020-02-21 19:53:59,24.76,71.77,65.03,33,0,9.37
394,Trinidad,BO,2020-02-21 19:50:22,-14.83,-64.9,80.6,83,75,13.87
395,Fukue,JP,2020-02-21 19:54:00,32.69,128.84,57.2,93,75,13.87
396,Sakakah,SA,2020-02-21 19:54:00,29.97,40.21,55.4,50,33,5.82
397,Wattegama,LK,2020-02-21 19:54:00,6.8,81.48,72.9,96,90,4.32
398,Jumla,NP,2020-02-21 19:54:01,29.27,82.18,26.55,82,90,4.97
399,Haines Junction,CA,2020-02-21 19:54:01,60.75,-137.51,23.68,89,87,11.54
400,Port-Cartier,CA,2020-02-21 19:54:01,50.03,-66.87,14.0,51,75,6.93
401,Qinzhou,CN,2020-02-21 19:54:02,21.95,108.62,61.93,84,0,4.61
402,Faya,SA,2020-02-21 19:54:02,18.39,42.45,62.6,63,100,6.93
403,Plettenberg Bay,ZA,2020-02-21 19:54:02,-34.05,23.37,65.86,85,0,2.75
404,Glens Falls,US,2020-02-21 19:49:51,43.31,-73.64,32.0,57,1,11.41
405,Jishou,CN,2020-02-21 19:54:03,28.32,109.72,43.97,90,69,1.5
406,Sorland,NO,2020-02-21 19:54:03,67.67,12.69,41.0,93,75,33.33
407,Eyl,SO,2020-02-21 19:54:04,7.98,49.82,77.29,79,16,18.52
408,Camacupa,AO,2020-02-21 19:54:04,-12.02,17.48,65.5,94,72,6.04
409,Tautira,PF,2020-02-21 19:54:04,-17.73,-149.15,86.0,66,20,2.24
410,Mackenzie,CA,2020-02-21 19:54:05,55.3,-123.17,37.4,51,90,13.87
411,Villa Hayes,PY,2020-02-21 19:54:05,-25.09,-57.52,84.2,32,6,17.22
412,Kawalu,ID,2020-02-21 19:54:05,-7.38,108.21,70.25,92,48,2.51
413,Rafai,CF,2020-02-21 19:54:06,4.95,23.92,77.63,29,0,3.29
414,Hazorasp,UZ,2020-02-21 19:54:06,41.32,61.07,41.0,80,90,9.17
415,Nosy Varika,MG,2020-02-21 19:54:06,-20.58,48.53,75.29,91,100,4.97
416,Mahanoro,MG,2020-02-21 19:54:06,-19.9,48.8,80.71,79,100,14.34
417,Ulladulla,AU,2020-02-21 19:54:07,-35.35,150.47,61.0,93,90,4.7
418,Forestville,US,2020-02-21 19:54:07,38.85,-76.88,39.0,26,1,5.68
419,Roshchino,RU,2020-02-21 19:54:07,60.25,29.61,41.0,64,75,8.95
420,Odesskoye,RU,2020-02-21 19:54:07,54.21,72.97,24.96,96,100,2.51
421,Okahandja,NA,2020-02-21 19:54:08,-21.98,16.92,64.99,93,100,1.12
422,Naron,ES,2020-02-21 19:54:08,43.52,-8.15,57.0,81,1,2.24
423,Ust-Maya,RU,2020-02-21 19:54:08,60.42,134.53,-4.81,98,100,4.18
424,Tsaratanana,MG,2020-02-21 19:54:08,-16.78,47.65,70.52,96,100,1.25
425,Palm Desert,US,2020-02-21 19:52:12,33.72,-116.37,81.0,10,20,9.82
426,Valparaiso,CL,2020-02-21 19:51:10,-33.04,-71.63,68.0,68,20,6.93
427,Atasu,KZ,2020-02-21 19:54:09,48.68,71.64,26.2,97,100,6.04
428,Unguia,CO,2020-02-21 19:54:09,8.04,-77.09,87.8,66,40,17.22
429,Grand-Santi,GF,2020-02-21 19:54:09,4.25,-54.38,82.44,63,100,4.81
430,Kamenka,RU,2020-02-21 19:54:10,51.32,42.77,30.0,91,100,1.01
431,Salalah,OM,2020-02-21 19:54:10,17.02,54.09,77.0,73,75,6.93
432,Iqaluit,CA,2020-02-21 19:54:10,63.75,-68.51,-27.0,60,20,2.24
433,Mahibadhoo,MV,2020-02-21 19:54:10,3.78,72.97,83.44,78,100,19.39
434,Santa Maria,BR,2020-02-21 19:50:18,-29.68,-53.81,75.2,41,75,10.29
435,Yerbogachen,RU,2020-02-21 19:54:11,61.28,108.01,12.97,96,97,6.53
436,Negombo,LK,2020-02-21 19:54:11,7.21,79.84,80.6,83,100,8.05
437,Teguldet,RU,2020-02-21 19:54:11,57.31,88.17,17.24,96,98,4.38
438,Belaya Gora,RU,2020-02-21 19:54:11,68.53,146.42,-15.86,87,97,1.57
439,Queimadas,BR,2020-02-21 19:54:12,-10.98,-39.63,84.97,51,100,5.41
440,Roros,NO,2020-02-21 19:54:12,62.57,11.38,35.6,80,2,16.11
441,Bardsir,IR,2020-02-21 19:54:12,29.92,56.57,53.6,32,0,6.93
442,San Quintin,MX,2020-02-21 19:54:12,30.48,-115.95,68.16,48,59,8.63
443,Piacabucu,BR,2020-02-21 19:54:13,-10.41,-36.43,80.98,81,20,9.84
444,Poshekhonye,RU,2020-02-21 19:54:13,58.5,39.14,32.68,86,88,11.1
445,San Policarpo,PH,2020-02-21 19:54:13,12.18,125.51,77.43,81,37,13.8
446,Devils Lake,US,2020-02-21 19:54:13,48.11,-98.87,33.8,64,1,13.87
447,Sao Joao Da Barra,BR,2020-02-21 19:54:13,-21.64,-41.05,86.0,66,40,18.34
448,Sisimiut,GL,2020-02-21 19:54:14,66.94,-53.67,-6.65,78,92,7.02
449,Simnas,LT,2020-02-21 19:54:14,54.4,23.65,37.4,86,90,5.82
450,Beira,MZ,2020-02-21 19:50:02,-19.84,34.84,82.4,83,20,5.82
451,Cooma,AU,2020-02-21 19:54:14,-36.23,149.13,50.0,100,90,8.05
452,Shuangyang,CN,2020-02-21 19:54:15,43.52,125.67,24.8,79,97,11.18
453,Sitka,US,2020-02-21 19:54:15,57.05,-135.33,37.4,93,90,4.7
454,Pangnirtung,CA,2020-02-21 19:54:15,66.15,-65.71,-34.6,65,20,0.94
455,Oranjestad,AW,2020-02-21 19:54:00,12.52,-70.03,84.2,62,40,18.34
456,Bac Lieu,VN,2020-02-21 19:50:47,9.29,105.72,73.49,74,0,9.98
457,Joshimath,IN,2020-02-21 19:54:16,30.57,79.57,27.18,52,61,9.55
458,Gat,IL,2020-02-21 19:50:05,31.61,34.76,60.8,67,75,9.17
459,Biograd Na Moru,HR,2020-02-21 19:54:16,43.94,15.45,53.01,86,9,1.12
460,Madison,US,2020-02-21 19:53:42,34.73,-86.57,43.0,44,1,10.29
461,Soverato,IT,2020-02-21 19:54:17,38.69,16.55,53.6,71,20,3.36
462,Anadyr,RU,2020-02-21 19:54:17,64.75,177.48,-16.01,75,20,13.42
463,Hundorp,NO,2020-02-21 19:54:17,61.56,9.94,32.0,96,17,8.99
464,Teodoro Sampaio,BR,2020-02-21 19:54:17,-22.53,-52.17,84.49,76,100,5.39
465,Bluefield,US,2020-02-21 19:54:18,37.27,-81.22,39.99,47,1,4.7
466,Saint-Francois,FR,2020-02-21 19:54:18,46.42,3.91,37.4,74,100,0.63
467,Makushino,RU,2020-02-21 19:54:18,55.21,67.24,28.51,94,100,2.89
468,Formosa Do Rio Preto,BR,2020-02-21 19:54:18,-11.05,-45.19,78.03,76,38,3.31
469,Biak,ID,2020-02-21 19:54:18,-0.91,122.88,80.91,77,46,8.7
470,Tuy Hoa,VN,2020-02-21 19:54:19,13.08,109.3,75.2,79,67,22.44
471,Sweetwater,US,2020-02-21 19:54:19,25.76,-80.37,73.99,68,90,16.11
472,Kapoeta,SS,2020-02-21 19:52:46,4.77,33.59,89.38,33,42,6.24
473,Dharchula,IN,2020-02-21 19:54:20,29.85,80.53,27.03,56,33,13.27
474,Sinazongwe,ZM,2020-02-21 19:54:20,-17.26,27.46,78.15,74,43,4.43
475,Lavrentiya,RU,2020-02-21 19:54:20,65.58,-171.0,-16.02,87,0,4.45
476,Karratha,AU,2020-02-21 19:54:20,-20.74,116.85,81.3,82,75,13.04
477,Conceicao Das Alagoas,BR,2020-02-21 19:54:21,-19.91,-48.39,68.0,94,90,2.24
478,Praia,CV,2020-02-21 19:54:21,14.92,-23.51,73.4,69,20,9.17
479,Mogadishu,SO,2020-02-21 19:54:21,2.04,45.34,82.22,84,0,22.37
480,Pingyi,CN,2020-02-21 19:54:21,35.5,117.63,36.27,40,0,6.67
481,Sarahan,IN,2020-02-21 19:54:22,31.52,77.8,18.81,53,81,8.52
482,Choa Saidan Shah,PK,2020-02-21 19:54:22,32.72,72.98,55.71,71,44,4.94
483,Aberystwyth,GB,2020-02-21 19:51:26,52.42,-4.08,48.99,96,100,88.0
484,Banda Aceh,ID,2020-02-21 19:54:22,5.56,95.32,72.41,86,2,6.26
485,Alice Springs,AU,2020-02-21 19:54:23,-23.7,133.88,71.6,26,0,6.93
486,Suez,EG,2020-02-21 19:54:23,29.97,32.53,56.68,52,1,9.19
487,Kilimatinde,TZ,2020-02-21 19:54:23,-5.85,34.95,69.87,87,100,1.74
488,Abu Samrah,SY,2020-02-21 19:54:23,35.3,37.18,49.91,84,100,12.01
489,Yatou,CN,2020-02-21 19:54:23,37.15,122.38,39.11,61,20,15.61
490,Port Macquarie,AU,2020-02-21 19:54:24,-31.43,152.92,68.0,100,90,5.82
491,Barstow,US,2020-02-21 19:54:24,34.9,-117.02,71.01,15,1,9.17
492,Mayo,US,2020-02-21 19:54:24,38.89,-76.51,39.0,37,1,6.93
493,Lianran,CN,2020-02-21 19:54:24,24.92,102.48,50.0,100,40,11.18
494,Kazanka,UA,2020-02-21 19:54:25,47.85,32.82,35.6,69,90,4.47
495,Severnyy,RU,2020-02-21 19:54:25,50.68,36.55,33.8,69,95,4.47
496,Farakka,IN,2020-02-21 19:54:25,24.82,87.9,68.58,36,100,3.8
497,Port Shepstone,ZA,2020-02-21 19:54:25,-30.74,30.45,69.03,94,0,5.26
498,Denpasar,ID,2020-02-21 19:53:26,-8.65,115.22,75.47,85,100,4.38
499,Avera,US,2020-02-21 19:54:26,33.19,-82.53,50.0,36,1,6.93
500,Barcelos,PT,2020-02-21 19:54:26,41.54,-8.62,59.0,66,0,5.82
501,Osa,RU,2020-02-21 19:54:26,57.28,55.46,26.98,95,92,2.66
502,Rafsanjan,IR,2020-02-21 19:52:26,30.41,55.99,55.38,45,0,0.98
503,Bilma,NE,2020-02-21 19:54:27,18.69,12.92,69.4,13,96,8.93
504,Victoria Point,AU,2020-02-21 19:54:27,-27.58,153.3,77.0,69,75,6.93
505,Dhandhuka,IN,2020-02-21 19:54:27,22.37,71.98,67.05,22,0,10.09
506,Weihe,CN,2020-02-21 19:54:27,33.0,105.32,33.85,71,50,1.41
507,Tuatapere,NZ,2020-02-21 19:54:28,-46.13,167.68,50.0,93,100,1.99
508,Tanout,NE,2020-02-21 19:54:28,14.97,8.89,71.22,15,81,13.27
509,Udachnyy,RU,2020-02-21 19:54:28,66.42,112.4,-5.8,83,100,6.71
510,Lubango,AO,2020-02-21 19:54:28,-14.92,13.49,62.6,60,0,3.04
511,Harper,LR,2020-02-21 19:54:28,4.38,-7.72,79.41,88,100,2.66
512,Maceio,BR,2020-02-21 19:49:51,-9.67,-35.74,78.8,94,75,11.41
513,Garoua,CM,2020-02-21 19:54:29,9.3,13.4,84.2,20,35,4.7
514,Ekhabi,RU,2020-02-21 19:54:29,53.51,142.97,-2.31,90,0,6.24
515,Nador,MA,2020-02-21 19:53:55,35.17,-2.93,60.8,77,90,9.17
516,Kieta,PG,2020-02-21 19:54:30,-6.22,155.63,81.3,70,0,4.63
517,Miri,MY,2020-02-21 19:54:30,4.41,114.01,78.8,94,75,9.17
518,Lasa,IT,2020-02-21 19:54:30,46.62,10.7,57.2,62,23,2.24
519,Liverpool,GB,2020-02-21 19:51:56,53.41,-2.98,53.01,76,90,20.8
520,Vagamo,NO,2020-02-21 19:54:30,61.88,9.1,25.5,86,97,8.48
521,Constitucion,CL,2020-02-21 19:54:31,-35.33,-72.42,64.33,71,0,7.76
522,Richards Bay,ZA,2020-02-21 19:54:31,-28.78,32.04,77.04,87,3,7.11
523,Lagoa,PT,2020-02-21 19:54:32,39.05,-27.98,60.37,80,48,11.1
524,Merauke,ID,2020-02-21 19:54:32,-8.47,140.33,75.92,95,100,8.03
525,Yining,CN,2020-02-21 19:54:32,29.04,114.56,42.93,96,0,1.34
526,Singapore,SG,2020-02-21 19:53:24,1.29,103.85,80.6,83,40,5.82
527,Mezen,RU,2020-02-21 19:54:32,65.85,44.24,30.6,86,100,19.44
528,Ostrovnoy,RU,2020-02-21 19:54:33,68.05,39.51,29.75,85,100,30.82
529,Quatre Cocos,MU,2020-02-21 19:54:33,-20.21,57.76,78.01,83,75,8.05
530,Lichinga,MZ,2020-02-21 19:54:33,-13.31,35.24,72.48,88,95,3.18
531,Vardo,NO,2020-02-21 19:54:33,70.37,31.11,33.8,86,67,36.91
532,La Ferte-Bernard,FR,2020-02-21 19:54:34,48.19,0.65,42.8,81,89,3.36
533,Ambon,ID,2020-02-21 19:51:16,-3.7,128.18,81.95,80,100,12.84
534,Fort Thomas,US,2020-02-21 19:54:34,39.08,-84.45,37.99,34,1,8.05
535,Nuqui,CO,2020-02-21 19:54:35,5.71,-77.27,69.8,64,75,2.24
536,Genhe,CN,2020-02-21 19:54:35,50.78,121.52,0.32,97,86,2.04
537,Lang Son,VN,2020-02-21 19:54:35,21.83,106.73,58.59,96,11,2.62
538,Anahuac,MX,2020-02-21 19:54:35,27.23,-100.15,51.8,57,90,5.82
539,Shemonaikha,KZ,2020-02-21 19:54:36,50.63,81.91,21.27,76,100,3.65
540,Vilhena,BR,2020-02-21 19:54:36,-12.74,-60.15,73.58,97,100,3.42
541,Kyren,RU,2020-02-21 19:54:36,51.68,102.14,5.79,75,53,7.27
542,Sinnamary,GF,2020-02-21 19:54:37,5.38,-52.95,79.25,79,1,10.85
543,Bunbury,AU,2020-02-21 19:54:37,-33.33,115.63,75.99,23,100,6.69
544,Tacna,PE,2020-02-21 19:49:51,-18.01,-70.25,75.2,64,75,10.29
545,Boshnyakovo,RU,2020-02-21 19:54:37,49.63,142.17,19.15,78,24,11.56
546,Quelimane,MZ,2020-02-21 19:54:38,-17.88,36.89,82.4,83,40,4.7
547,Evensk,RU,2020-02-21 19:54:38,61.95,159.23,-20.63,72,13,2.13
548,La Crosse,US,2020-02-21 19:54:38,43.8,-91.24,39.2,55,1,20.8
549,Altamira,BR,2020-02-21 19:54:38,-3.2,-52.21,75.11,85,100,1.23
550,Egvekinot,RU,2020-02-21 19:54:39,66.32,-179.17,-22.05,100,91,0.92
551,La Paz,BO,2020-02-21 19:53:05,-16.5,-68.15,53.6,58,75,10.29
552,Bakaly,RU,2020-02-21 19:54:39,55.18,53.8,30.74,96,100,5.41
553,Qitaihe,CN,2020-02-21 19:54:39,45.8,130.85,15.3,96,100,2.42
554,Danilovka,RU,2020-02-21 19:54:39,50.36,44.12,30.18,96,100,5.68
555,Tanabe,JP,2020-02-21 19:54:40,33.73,135.37,56.46,75,78,16.35
556,Laguna,US,2020-02-21 19:54:40,38.42,-121.42,72.0,45,1,9.17
557,Dwarka,IN,2020-02-21 19:54:40,22.24,68.97,75.16,53,21,12.77
558,Nago,JP,2020-02-21 19:54:40,26.59,127.98,64.4,82,20,3.36
559,Diamantino,BR,2020-02-21 19:54:40,-14.41,-56.45,82.04,85,87,2.13
560,Falam,MM,2020-02-21 19:54:41,22.92,93.68,51.15,50,54,0.72
561,Darnah,LY,2020-02-21 19:52:49,32.77,22.64,56.77,73,76,19.98
562,Shevchenkove,UA,2020-02-21 19:54:41,49.7,37.17,35.6,74,75,6.71
563,Preobrazheniye,RU,2020-02-21 19:54:41,42.9,133.91,33.96,99,100,6.22
564,Bolu,TR,2020-02-21 19:54:42,40.67,31.58,30.42,97,99,8.43
565,Bull Savanna,JM,2020-02-21 19:54:42,17.89,-77.59,75.97,72,92,2.84
566,Turbat,PK,2020-02-21 19:54:42,26.0,63.04,65.43,49,0,2.21
567,Cabedelo,BR,2020-02-21 19:54:42,-6.98,-34.83,84.2,79,75,12.75
568,Kemin,KG,2020-02-21 19:54:21,42.78,75.69,34.05,41,100,1.19
569,Kariba,ZW,2020-02-21 19:54:43,-16.52,28.8,71.87,89,74,3.11
570,Canutama,BR,2020-02-21 19:54:43,-6.53,-64.38,85.28,76,5,2.98
571,Lasem,ID,2020-02-21 19:54:43,-6.69,111.45,79.99,84,78,6.71
572,Varkkallai,IN,2020-02-21 19:54:43,8.73,76.71,84.2,70,20,3.36
573,Ust-Tsilma,RU,2020-02-21 19:54:44,65.44,52.15,19.17,87,100,10.2
574,Kholtoson,RU,2020-02-21 19:54:44,50.3,103.31,-1.75,93,98,2.46
575,Aberdeen,GB,2020-02-21 19:54:44,57.14,-2.1,50.0,66,100,12.75
576,Pandan,PH,2020-02-21 19:54:44,14.05,124.17,77.77,75,6,20.42
577,Tucuman,AR,2020-02-21 19:54:45,-26.82,-65.22,66.2,68,90,4.7
578,Ippy,CF,2020-02-21 19:54:45,6.27,21.22,81.21,23,16,4.32
